{
    "accuracy": 0.8484848484848485,
    "classification_report": {
        "0": {
            "precision": 0.8888888888888888,
            "recall": 0.8,
            "f1-score": 0.8421052631578947,
            "support": 20.0
        },
        "1": {
            "precision": 0.8235294117647058,
            "recall": 0.7,
            "f1-score": 0.7567567567567568,
            "support": 20.0
        },
        "2": {
            "precision": 0.8387096774193549,
            "recall": 1.0,
            "f1-score": 0.9122807017543859,
            "support": 26.0
        },
        "accuracy": 0.8484848484848485,
        "macro avg": {
            "precision": 0.8503759926909832,
            "recall": 0.8333333333333334,
            "f1-score": 0.8370475738896791,
            "support": 66.0
        },
        "weighted avg": {
            "precision": 0.8493154185753806,
            "recall": 0.8484848484848485,
            "f1-score": 0.843886949150107,
            "support": 66.0
        }
    },
    "confusion_matrix": [
        [
            16,
            3,
            1
        ],
        [
            2,
            14,
            4
        ],
        [
            0,
            0,
            26
        ]
    ]
}