{
    "accuracy": 0.8939393939393939,
    "classification_report": {
        "0": {
            "precision": 0.8571428571428571,
            "recall": 0.9,
            "f1-score": 0.8780487804878049,
            "support": 20.0
        },
        "1": {
            "precision": 0.8947368421052632,
            "recall": 0.85,
            "f1-score": 0.8717948717948718,
            "support": 20.0
        },
        "2": {
            "precision": 0.9230769230769231,
            "recall": 0.9230769230769231,
            "f1-score": 0.9230769230769231,
            "support": 26.0
        },
        "accuracy": 0.8939393939393939,
        "macro avg": {
            "precision": 0.8916522074416812,
            "recall": 0.8910256410256411,
            "f1-score": 0.8909735251198665,
            "support": 66.0
        },
        "weighted avg": {
            "precision": 0.8945089997721577,
            "recall": 0.8939393939393939,
            "f1-score": 0.8938920158432354,
            "support": 66.0
        }
    },
    "confusion_matrix": [
        [
            18,
            2,
            0
        ],
        [
            1,
            17,
            2
        ],
        [
            2,
            0,
            24
        ]
    ]
}