{
    "accuracy": 0.7272727272727273,
    "classification_report": {
        "0": {
            "precision": 0.6923076923076923,
            "recall": 0.45,
            "f1-score": 0.5454545454545454,
            "support": 20.0
        },
        "1": {
            "precision": 0.5714285714285714,
            "recall": 0.8,
            "f1-score": 0.6666666666666666,
            "support": 20.0
        },
        "2": {
            "precision": 0.92,
            "recall": 0.8846153846153846,
            "f1-score": 0.9019607843137255,
            "support": 26.0
        },
        "accuracy": 0.7272727272727273,
        "macro avg": {
            "precision": 0.7279120879120878,
            "recall": 0.7115384615384616,
            "f1-score": 0.7046939988116457,
            "support": 66.0
        },
        "weighted avg": {
            "precision": 0.7453746253746253,
            "recall": 0.7272727272727273,
            "f1-score": 0.7226273429481986,
            "support": 66.0
        }
    },
    "confusion_matrix": [
        [
            9,
            11,
            0
        ],
        [
            2,
            16,
            2
        ],
        [
            2,
            1,
            23
        ]
    ]
}