{
    "accuracy": 0.7424242424242424,
    "classification_report": {
        "0": {
            "precision": 0.6875,
            "recall": 0.55,
            "f1-score": 0.6111111111111112,
            "support": 20.0
        },
        "1": {
            "precision": 0.6086956521739131,
            "recall": 0.7,
            "f1-score": 0.6511627906976745,
            "support": 20.0
        },
        "2": {
            "precision": 0.8888888888888888,
            "recall": 0.9230769230769231,
            "f1-score": 0.9056603773584906,
            "support": 26.0
        },
        "accuracy": 0.7424242424242424,
        "macro avg": {
            "precision": 0.7283615136876006,
            "recall": 0.7243589743589745,
            "f1-score": 0.7226447597224254,
            "support": 66.0
        },
        "weighted avg": {
            "precision": 0.7429549114331723,
            "recall": 0.7424242424242424,
            "f1-score": 0.7392825431438859,
            "support": 66.0
        }
    },
    "confusion_matrix": [
        [
            11,
            9,
            0
        ],
        [
            3,
            14,
            3
        ],
        [
            2,
            0,
            24
        ]
    ]
}