{
    "accuracy": 0.7727272727272727,
    "classification_report": {
        "0": {
            "precision": 0.7333333333333333,
            "recall": 0.55,
            "f1-score": 0.6285714285714286,
            "support": 20.0
        },
        "1": {
            "precision": 0.6153846153846154,
            "recall": 0.8,
            "f1-score": 0.6956521739130435,
            "support": 20.0
        },
        "2": {
            "precision": 0.96,
            "recall": 0.9230769230769231,
            "f1-score": 0.9411764705882353,
            "support": 26.0
        },
        "accuracy": 0.7727272727272727,
        "macro avg": {
            "precision": 0.7695726495726496,
            "recall": 0.7576923076923077,
            "f1-score": 0.7551333576909025,
            "support": 66.0
        },
        "weighted avg": {
            "precision": 0.7868842268842269,
            "recall": 0.7727272727272727,
            "f1-score": 0.7720463679542964,
            "support": 66.0
        }
    },
    "confusion_matrix": [
        [
            11,
            9,
            0
        ],
        [
            3,
            16,
            1
        ],
        [
            1,
            1,
            24
        ]
    ]
}