{
    "accuracy": 0.8787878787878788,
    "classification_report": {
        "0": {
            "precision": 0.8888888888888888,
            "recall": 0.8,
            "f1-score": 0.8421052631578947,
            "support": 20.0
        },
        "1": {
            "precision": 0.8095238095238095,
            "recall": 0.85,
            "f1-score": 0.8292682926829268,
            "support": 20.0
        },
        "2": {
            "precision": 0.9259259259259259,
            "recall": 0.9615384615384616,
            "f1-score": 0.9433962264150944,
            "support": 26.0
        },
        "accuracy": 0.8787878787878788,
        "macro avg": {
            "precision": 0.8747795414462081,
            "recall": 0.8705128205128205,
            "f1-score": 0.8715899274186386,
            "support": 66.0
        },
        "weighted avg": {
            "precision": 0.879429212762546,
            "recall": 0.8787878787878788,
            "f1-score": 0.8781177727819528,
            "support": 66.0
        }
    },
    "confusion_matrix": [
        [
            16,
            4,
            0
        ],
        [
            1,
            17,
            2
        ],
        [
            1,
            0,
            25
        ]
    ]
}